,code,name,lat,lng,u_s,u_r,return_perc
0,368,1555 Kapiolani Blvd,21.29,-157.84,29930.0,1187.0,3.97
1,51,11015-B Fairfax Boulevard,38.85,-77.33,82663.0,1960.0,2.37
2,42,731 Nassau Park Boulevard,40.3,-74.68,117619.0,2713.0,2.31
3,48,1803 Rockville Pike,39.06,-77.12,115907.0,2640.0,2.28
4,216,401 North Glendale Avenue,34.15,-118.24,166894.0,3738.0,2.24
5,713,2130 Pleasant Hill Road,33.96,-84.13,75463.0,1679.0,2.22
6,425,1579 Highway 22 West,40.64,-74.41,85554.0,1890.0,2.21
7,89,1400 University Drive,26.25,-80.25,123793.0,2721.0,2.2
8,574,2555 PRADO LANE,34.01,-84.55,75013.0,1636.0,2.18
9,751,67 US HWY 9,40.35,-74.31,87057.0,1895.0,2.18
10,37,137 Route 4 West,40.92,-74.06,156971.0,3420.0,2.18
11,855,11200 SAN JOSE BOULEVARD,0.0,0.0,51197.0,1104.0,2.16
12,47,5524 Leesburg Pike,38.85,-77.12,157225.0,3389.0,2.16
13,391,2100 88th Street,40.81,-74.01,121191.0,2612.0,2.16
14,188,302 N. Congress Ave,26.53,-80.09,221902.0,4724.0,2.13
15,813,2183 BLACK ROCK TURNPIKE,41.18,-73.25,71289.0,1520.0,2.13
16,49,715 W. Lancaster Avenue,40.02,-75.31,59203.0,1263.0,2.13
17,324,502 OLD COUNTRY ROAD,40.74,-73.62,127992.0,2730.0,2.13
18,754,170 NEEDHAM STREET,42.31,-71.21,55089.0,1170.0,2.12
19,273,1496 S. Randall Road,42.16,-88.34,109581.0,2308.0,2.11
20,703,20600 Lyons Road,26.37,-80.19,166872.0,3528.0,2.11
21,56,327 Route 10,40.8,-74.37,110323.0,2315.0,2.1
22,162,299 South Randolph Street,33.91,-117.89,80293.0,1688.0,2.1
23,29,3463 Long Beach Road,40.63,-73.64,119327.0,2499.0,2.09
24,1030,15870 1ST AVENUE SOUTH,47.46,-122.33,118883.0,2489.0,2.09
25,710,1490 Nixon Drive,39.94,-74.96,103179.0,2151.0,2.08
26,533,8655 CORAL WAY,25.75,-80.33,132052.0,2724.0,2.06
27,624,5226 MONTICELLO AVE,37.28,-76.75,83543.0,1713.0,2.05
28,57,672 W. Sunrise Highway,40.67,-73.72,187148.0,3818.0,2.04
29,706,10800 Pines Blvd.,26.01,-80.29,149911.0,3052.0,2.04
30,852,23 Mystic View Rd,0.0,0.0,47944.0,977.0,2.04
31,773,1806 NE 8th Street,0.0,0.0,78063.0,1594.0,2.04
32,39,535 Boston Post Road,40.99,-73.68,103574.0,2099.0,2.03
33,847,28150 WILLET WAY,0.0,0.0,49963.0,1015.0,2.03
34,840,8046 CONCORD MILLS BLVD,35.37,-80.72,71265.0,1437.0,2.02
35,219,3226 Buford Drive,34.06,-83.99,138667.0,2803.0,2.02
36,613,2701 184TH STREET SW,47.83,-122.27,49367.0,996.0,2.02
37,648,20803 STEVENS CREEK BLVD,37.32,-122.04,44822.0,905.0,2.02
38,696,440 SOUTH RAND RD,42.19,-88.11,52757.0,1058.0,2.01
39,694,2383 COTTMAN AVE,40.05,-75.06,74891.0,1499.0,2.0
40,80,8303 South Dixie Highway,25.69,-80.3,164847.0,3299.0,2.0
41,614,1438 HIGHWAY 20 WEST,33.42,-84.19,86291.0,1715.0,1.99
42,771,1285 B HWY 138,33.65,-84.0,84672.0,1681.0,1.99
43,346,455 Central Avenue,41.03,-73.79,92807.0,1851.0,1.99
44,344,5701 W Broad Street,37.59,-77.5,106202.0,2116.0,1.99
45,18,556 Route 17 North,40.96,-74.07,124679.0,2470.0,1.98
46,317,12 Promenade,40.81,-73.99,107247.0,2116.0,1.97
47,1003,19925 44TH AVE WEST,47.82,-122.29,158675.0,3118.0,1.97
48,25,1565 Route 46 East,40.89,-74.21,174504.0,3421.0,1.96
49,416,1901 Westwood Blvd,34.05,-118.44,117630.0,2301.0,1.96
50,52,300 N. Fredrick Avenue,39.14,-77.2,101261.0,1962.0,1.94
51,40,3145 Hempstead Turnpike,40.73,-73.52,140101.0,2711.0,1.94
52,410,2118 Scenic Highway,33.86,-84.02,104190.0,2024.0,1.94
53,173,9410 North Skokie Boulevard,42.05,-87.75,88222.0,1706.0,1.93
54,720,2315 Forest Drive,38.98,-76.54,84700.0,1628.0,1.92
55,34,1232 Hooper Avenue,39.98,-74.18,88325.0,1700.0,1.92
56,709,1313 York Road,39.42,-76.62,137882.0,2639.0,1.91
57,15,191 Walt Whitman Road (Rt. 110),40.82,-73.41,101045.0,1931.0,1.91
58,118,10590 Forest Hill Blvd,26.65,-80.21,136658.0,2598.0,1.9
59,255,30730 Orchard Lake Road,42.52,-83.36,93895.0,1788.0,1.9
60,427,380 Waterfront Drive East,40.41,-79.91,63541.0,1205.0,1.9
61,567,19510 HAWTHORNE BLVD,33.85,-118.35,94468.0,1795.0,1.9
62,576,43425 CHRISTY STREET,37.5,-121.97,47477.0,897.0,1.89
63,403,35 South Federal Highway,26.32,-80.09,71390.0,1351.0,1.89
64,171,325 North Milwaukee Ave,42.23,-87.94,68190.0,1286.0,1.89
65,499,1165 Perimeter Center West,33.93,-84.35,108478.0,2050.0,1.89
66,582,901A W. ANTHONY DRIVE,40.14,-88.26,59649.0,1129.0,1.89
67,291,411 East Six Forks Road,35.82,-78.63,142280.0,2683.0,1.89
68,59,9404 Reisterstown Road,39.4,-76.75,144582.0,2713.0,1.88
69,87,9693 W Colonial Dr,28.55,-81.52,122007.0,2291.0,1.88
70,725,3329 COBB PKWY,34.04,-84.68,46562.0,877.0,1.88
71,856,1851 TAMIAMI TRAIL,0.0,0.0,36929.0,693.0,1.88
72,109,45450 Dulles Crossing Plaza,39.02,-77.43,96186.0,1808.0,1.88
73,530,1224 STATE RT 23 NORTH,40.99,-74.34,80496.0,1513.0,1.88
74,681,1480 HARRISBURG PIKE,40.06,-76.34,39963.0,749.0,1.87
75,845,12616 CAPITAL BLVD,0.0,0.0,59635.0,1118.0,1.87
76,835,192 EAST STREET ROAD,40.15,-75.0,38535.0,719.0,1.87
77,657,10343 SOUTH INDIANAPOLIS BLVD,41.53,-87.47,89897.0,1680.0,1.87
78,594,18199 BISCAYNE BLVD.,25.94,-80.15,126517.0,2368.0,1.87
79,31,469 86th Street,40.62,-74.03,80432.0,1504.0,1.87
80,776,19270 S DIXIE HWY,0.0,0.0,83388.0,1553.0,1.86
81,327,370 Route 3 West,40.83,-74.14,189435.0,3511.0,1.85
82,395,30120 Haun Raod,33.68,-117.18,126834.0,2341.0,1.85
83,547,984 ROUTE 17 NORTH,41.07,-74.13,101889.0,1889.0,1.85
84,714,1320 Stony Brook Road,40.88,-73.12,130689.0,2422.0,1.85
85,732,1628 SHORE PKWY,40.6,-74.0,93990.0,1736.0,1.85
86,704,8707 S W 124th Ave,25.69,-80.39,100678.0,1860.0,1.85
87,88,1233 West Sand Lake Road,28.45,-81.39,59317.0,1090.0,1.84
88,191,800 Market Place Blvd,32.92,-96.96,138515.0,2531.0,1.83
89,571,15811 N. FRANK LLOYD WRIGHT,33.63,-111.89,82634.0,1509.0,1.83
90,824,,0.0,0.0,23443.0,429.0,1.83
91,67,300 Andover Street (Route 114),42.55,-70.95,115823.0,2123.0,1.83
92,78,268 South University Drive,26.12,-80.25,108592.0,1982.0,1.83
93,82,2128 Highway RT. 35,40.41,-74.14,97372.0,1776.0,1.82
94,23,2363/55 Central Park Avenue,40.98,-73.83,122025.0,2222.0,1.82
95,256,2121 Walnut Street,35.76,-78.74,98549.0,1790.0,1.82
96,660,5575 BALBOA AVE,32.82,-117.18,81897.0,1487.0,1.82
97,189,6917 Fayetteville Road,35.9,-78.94,82924.0,1504.0,1.81
98,55,1927 Old Gallows Road,38.91,-77.22,89743.0,1627.0,1.81
99,750,462 EAST 17TH ST,33.63,-117.91,34537.0,625.0,1.81
100,509,14065 Shoppers Best Way,38.65,-77.3,123339.0,2227.0,1.81
101,433,1901 South Naperville Road,41.84,-88.1,66616.0,1207.0,1.81
102,196,8421 Brier Creek Parkway,35.91,-78.79,80799.0,1452.0,1.8
103,822,239 WHITING FARMS ROAD,0.0,0.0,46226.0,831.0,1.8
104,839,2911 CHAPEL HILL ROAD,33.73,-84.74,98376.0,1770.0,1.8
105,151,655 South Main Street,33.78,-117.87,53385.0,960.0,1.8
106,27,2702 Route 22 West,40.69,-74.31,183212.0,3288.0,1.79
107,212,1908 Matthews Township Pkwy,35.12,-80.71,115760.0,2075.0,1.79
108,699,1815 PALM BEACH LAKES BLVD,26.72,-80.09,109158.0,1954.0,1.79
109,652,1692 SARATOGA AVE,37.29,-121.99,49690.0,890.0,1.79
110,724,148 ROUTE 73,39.84,-74.93,55924.0,993.0,1.78
111,684,1428 ROUTE 23 NORTH,40.93,-74.27,89737.0,1601.0,1.78
112,595,115 COLMA BLVD,37.68,-122.46,71722.0,1276.0,1.78
113,347,9620 Pineville-Matthew Road,35.09,-80.88,128237.0,2286.0,1.78
114,296,397 Rt. 28,40.58,-74.63,106679.0,1898.0,1.78
115,325,445 WEST DEKALB PIKE,40.09,-75.37,60495.0,1076.0,1.78
116,759,1063 MONTAUK HWY,40.68,-73.35,73499.0,1308.0,1.78
117,722,414 RANDALL RD,41.98,-88.34,45395.0,804.0,1.77
118,585,9620 SE 82ND AVE,45.45,-122.58,47231.0,838.0,1.77
119,63,10944 Bulloch Drive,38.8,-77.52,103370.0,1826.0,1.77
120,826,5505 CAPITAL BLVD.,0.0,0.0,56689.0,1001.0,1.77
121,716,1817 Old York Road,40.14,-75.11,100204.0,1776.0,1.77
122,848,3535 E FOOTHILL BLVD,34.15,-118.08,55466.0,978.0,1.76
123,197,3440 Camp Creek Parkway,33.66,-84.5,117260.0,2069.0,1.76
124,79,4587 Okeechobee Boulevard,26.71,-80.11,112052.0,1970.0,1.76
125,69,14815 Baltimore Avenue,39.09,-76.85,107675.0,1893.0,1.76
126,114,2960 North Federal Highway,27.24,-80.27,112340.0,1975.0,1.76
127,135,110 South Waukegan Road,42.15,-87.83,72963.0,1285.0,1.76
128,341,110 N. El Camino Real,33.05,-117.26,72136.0,1272.0,1.76
129,354,4199 East Jericho Turnpike,40.84,-73.31,129578.0,2282.0,1.76
130,680,2602 HYLAND BOULEVARD,0.0,0.0,97428.0,1706.0,1.75
131,355,12301 NE Biscayne Blvd,25.89,-80.16,141235.0,2476.0,1.75
132,335,2010 Marlton Pike West,39.92,-75.04,96515.0,1685.0,1.75
133,75,561-565 Connecticut Avenue,41.1,-73.45,94636.0,1658.0,1.75
134,58,3144 Crain Highway,38.63,-76.91,137131.0,2403.0,1.75
135,467,13341 Westheimer Road,29.74,-95.63,94766.0,1654.0,1.75
136,865,7300 NORTH POINT PKWY,0.0,0.0,89968.0,1575.0,1.75
137,737,489 RIVER HWY,35.59,-80.86,99103.0,1728.0,1.74
138,447,3052 Excelsior Blvd,44.95,-93.32,54431.0,945.0,1.74
139,248,1209 Caroline Street,33.76,-84.35,98558.0,1712.0,1.74
140,728,5095 TRANSIT ROAD,42.99,-78.7,56604.0,983.0,1.74
141,850,3106 SOUTH HORNER BLVD,35.45,-79.13,48925.0,851.0,1.74
142,428,11414 Broadway Blvd.,29.56,-95.4,107612.0,1863.0,1.73
143,84,219 Pottstown Pike,40.03,-75.63,76646.0,1327.0,1.73
144,672,13662 JAMBOREE ROAD,33.73,-117.79,75152.0,1300.0,1.73
145,607,30 FORBES ROAD,42.22,-71.03,93262.0,1617.0,1.73
146,748,620 COMMERCE DRIVE,40.19,-74.87,74252.0,1288.0,1.73
147,774,1811 FEDERAL HWY,26.44,-80.07,129472.0,2237.0,1.73
148,184,2600 East Southlake Boulevard,32.94,-97.11,117142.0,2031.0,1.73
149,222,2415 75th Street,41.75,-88.0,88915.0,1535.0,1.73
150,28,2535 Richmond Avenue,40.58,-74.17,237416.0,4095.0,1.72
151,137,6701-A Loisdale Road,38.77,-77.18,129239.0,2221.0,1.72
152,772,1721 LASKIN ROAD,36.85,-76.02,70528.0,1213.0,1.72
153,861,,0.0,0.0,56889.0,978.0,1.72
154,718,1936 South Road,41.62,-73.92,93131.0,1601.0,1.72
155,477,23210 Via Villagio,26.4,-81.81,81481.0,1398.0,1.72
156,638,2152 CONTRA COSTA BLVD,37.95,-122.06,75471.0,1297.0,1.72
157,600,8247 E. 71ST STREET,36.06,-95.88,46926.0,802.0,1.71
158,834,1650 MINERAL SPRING AVE,41.86,-71.45,63701.0,1087.0,1.71
159,30,49 East Route 59,41.1,-74.01,146173.0,2495.0,1.71
160,642,2300 16TH STREET,37.77,-122.41,58721.0,1007.0,1.71
161,723,463 E AURORA RD,41.31,-81.52,58901.0,1000.0,1.7
162,404,5463 Lyons Road,26.3,-80.19,96831.0,1644.0,1.7
163,358,11301 W Broad Street,37.65,-77.61,128477.0,2178.0,1.7
164,131,1951 Mount Zion Road,33.56,-84.33,121041.0,2057.0,1.7
165,386,10225 Research Blvd,30.39,-97.75,94089.0,1599.0,1.7
166,125,21436 W. Victory Boulevard,34.19,-118.6,166675.0,2819.0,1.69
167,247,3151 South IH35,30.48,-97.67,85798.0,1453.0,1.69
168,712,3261 Peachtree Road,33.84,-84.37,129687.0,2196.0,1.69
169,64,1471 Carl D. Silver Pkwy,38.3,-77.51,138464.0,2340.0,1.69
170,1025,17980 REDMOND WAY,47.67,-122.1,67061.0,1134.0,1.69
171,843,1010 EAST 2100 SOUTH,40.73,-111.86,46545.0,784.0,1.68
172,818,1731 WILMINGTON PIKE,0.0,0.0,41996.0,706.0,1.68
173,661,4254 TAMIAMI TRL S.,27.05,-82.39,43397.0,731.0,1.68
174,239,32109 Union Landing Blvd,37.6,-122.07,93313.0,1568.0,1.68
175,401,413 N Federal Hwy,26.24,-80.1,123899.0,2082.0,1.68
176,683,4005 GRAND AVE,34.0,-117.72,58145.0,978.0,1.68
177,185,7501 Westheimer Road,29.74,-95.5,140963.0,2360.0,1.67
178,46,4609 Concord Pike,39.82,-75.55,98056.0,1637.0,1.67
179,304,72333 Highway 111,33.73,-116.4,74847.0,1247.0,1.67
180,409,17501 Colima Road,33.99,-117.92,80546.0,1347.0,1.67
181,310,114 Hanes Mall Blvd,36.07,-80.3,129355.0,2153.0,1.66
182,126,450 Route 10 West,40.88,-74.65,116559.0,1931.0,1.66
183,139,9100 Tampa Avenue,34.24,-118.55,131953.0,2185.0,1.66
184,157,434 SOUTHBRIDGE STREET,42.2,-71.84,88584.0,1472.0,1.66
185,252,4668 Town Crossing Drive,30.26,-81.53,106368.0,1766.0,1.66
186,588,6996 FRANCE AVENUE,44.88,-93.33,75866.0,1260.0,1.66
187,337,699 Baltimore Pike,39.52,-76.36,118457.0,1966.0,1.66
188,86,1260-1270 Boston Post Road,41.24,-73.04,134812.0,2240.0,1.66
189,1028,305 SE CHKALOV DRIVE,45.62,-122.55,96548.0,1606.0,1.66
190,349,16383 SW 88th St,25.68,-80.46,105075.0,1748.0,1.66
191,351,6280 20th Street,27.64,-80.46,116125.0,1933.0,1.66
192,313,17401 Southcenter Pkwy,47.45,-122.26,63177.0,1040.0,1.65
193,35,185 Route 1 South,40.55,-74.33,121268.0,1998.0,1.65
194,873,1320 MCFARLAND BLVD EAST,0.0,0.0,34758.0,573.0,1.65
195,689,40 ORCHARD HILL PARK DRIVE,42.53,-71.71,58859.0,969.0,1.65
196,636,5400 BRODIE LANE,30.23,-97.82,62033.0,1022.0,1.65
197,229,10020 W. McDowell Road,33.46,-112.28,88432.0,1455.0,1.65
198,555,8929 AVENUE D,40.65,-73.91,97012.0,1600.0,1.65
199,603,7305 SAN DARIO AVE,27.57,-99.5,76859.0,1270.0,1.65
200,631,359 FRESH POND PARKWAY,42.39,-71.14,34710.0,571.0,1.65
201,717,3725-B Jefferson Davis Highway,38.84,-77.05,90500.0,1488.0,1.64
202,827,2317 NORTH TARRANT PARKWAY,32.9,-97.32,105431.0,1729.0,1.64
203,81,1195 West 49th Street,25.87,-80.31,138826.0,2276.0,1.64
204,650,7713 Fordson Road,38.75,-77.08,75383.0,1236.0,1.64
205,590,4000 TOWNE CENTER DRIVE,38.3,-85.55,50622.0,832.0,1.64
206,334,464 N Alafaya Trail,28.55,-81.21,131116.0,2139.0,1.63
207,534,4145 WILLIAN PENN HWY,40.44,-79.77,76028.0,1243.0,1.63
208,785,,0.0,0.0,46541.0,757.0,1.63
209,333,1600 S East Road,41.72,-72.76,109201.0,1775.0,1.63
210,769,9101 ALAKING COURT,38.87,-76.85,118433.0,1936.0,1.63
211,300,588 Route 70,40.06,-74.15,118938.0,1938.0,1.63
212,370,235 N Citrus Street,34.07,-117.89,94895.0,1536.0,1.62
213,251,11144 Rancho Carmel Drive,32.98,-117.08,45137.0,732.0,1.62
214,880,1969 CANTERBURY GLEN LANE,0.0,0.0,38001.0,614.0,1.62
215,573,148 TUNNEL ROAD,35.59,-82.53,86573.0,1401.0,1.62
216,727,13100 SEMINOLE BLVD.,27.89,-82.79,68604.0,1110.0,1.62
217,380,5300 Stockdale Highway,35.35,-119.06,117857.0,1910.0,1.62
218,178,4756 El Camino Real,37.4,-122.11,57596.0,934.0,1.62
219,550,338 MID RIVERS CENTER DRIVE,38.79,-90.62,90959.0,1474.0,1.62
220,775,1516 RINEHART RD,28.8,-81.33,85021.0,1375.0,1.62
221,1032,320 NE 78TH STREET,45.68,-122.67,65162.0,1053.0,1.62
222,838,12741 VENTURA BLVD,34.15,-118.41,112705.0,1822.0,1.62
223,1010,10011 BRIDGEPORT WAY SW,47.17,-122.51,92243.0,1484.0,1.61
224,172,7009 Highway 6 North,29.88,-95.65,126647.0,2044.0,1.61
225,158,2995 Preston Road,33.1,-96.81,109214.0,1757.0,1.61
226,166,5779 Lone Tree Way,37.96,-121.74,124444.0,2001.0,1.61
227,181,75 E Thousand Oaks Blvd,34.18,-118.87,136117.0,2188.0,1.61
228,38,2100 Merrick Road,40.66,-73.55,144768.0,2330.0,1.61
229,133,26831 Aliso Creek Road,33.57,-117.72,98156.0,1584.0,1.61
230,640,6640 N. DURANGO DRIVE,36.28,-115.29,76677.0,1232.0,1.61
231,266,233 Independence Boulevard,36.84,-76.14,153349.0,2472.0,1.61
232,330,11440 A Midlothian Turnpike,37.51,-77.61,143158.0,2307.0,1.61
233,690,2475 FLATBUSH AVE,40.61,-73.92,52348.0,843.0,1.61
234,515,2385 BRANDERMILL BLVD,39.03,-76.68,104017.0,1673.0,1.61
235,578,16624 VENTURA BLVD,34.16,-118.5,79428.0,1278.0,1.61
236,658,123 NORTH WEBER ROAD,41.7,-88.12,66141.0,1056.0,1.6
237,596,1995 W JEFFERSON AVE,41.77,-88.2,76160.0,1218.0,1.6
238,805,2125 US HIGHWAY 1 SOUTH,29.86,-81.32,74845.0,1195.0,1.6
239,1009,14733 NE 8TH STREET,47.62,-122.14,125483.0,2004.0,1.6
240,105,105 Buckland Hills Drive,41.81,-72.55,117414.0,1879.0,1.6
241,421,818 Pelham Parkway,40.89,-73.82,165637.0,2653.0,1.6
242,495,2937 Cobb Pkwy,33.88,-84.46,127254.0,2037.0,1.6
243,781,1241 NORTH MAIN STREET,35.59,-78.78,76139.0,1216.0,1.6
244,1501,503 CONSTITUTION AVE,42.55,-71.48,27190.0,436.0,1.6
245,764,,0.0,0.0,48690.0,778.0,1.6
246,666,601 WEST ROOSEVELT BLVD,41.87,-87.64,60553.0,969.0,1.6
247,697,6310 WEST 95TH STREET,41.72,-87.78,85744.0,1374.0,1.6
248,695,12970 CORTEZ BLVD,28.53,-82.51,65219.0,1034.0,1.59
249,224,2397 South Stemmons Freeway,33.01,-96.97,102497.0,1627.0,1.59
250,359,28211 Marguerite Parkway,33.55,-117.67,73413.0,1170.0,1.59
251,305,1129 Woodruff Road,34.83,-82.3,112122.0,1780.0,1.59
252,290,347 N. Milwaukee Street,43.61,-116.28,109584.0,1744.0,1.59
253,691,3025 EAST MAIN ST & WESTBROOK DRIVE,41.31,-73.88,67453.0,1071.0,1.59
254,292,4701 S. Cooper Street,32.67,-97.13,162769.0,2581.0,1.59
255,101,2205 N. Federal Highway,26.16,-80.12,174936.0,2784.0,1.59
256,804,2692 CANYON SPRINGS PKWY,33.94,-117.28,65957.0,1046.0,1.59
257,786,1963 WHISKEY ROAD,33.52,-81.72,62851.0,998.0,1.59
258,504,31 EAST CITY AVE,40.0,-75.23,135057.0,2146.0,1.59
259,33,190 Jericho Turnpike,40.81,-73.51,113185.0,1791.0,1.58
260,140,8019 Citrus Park Drive,28.07,-82.57,55436.0,876.0,1.58
261,132,3929 South Bristol Street,33.7,-117.89,121565.0,1915.0,1.58
262,244,1313 Apalachee Pkwy,30.44,-84.26,123548.0,1958.0,1.58
263,193,101 North Fairfax Avenue,34.07,-118.36,196316.0,3096.0,1.58
264,122,1412 Greenbrier Parkway,36.78,-76.23,192214.0,3033.0,1.58
265,488,6434 Naples Blvd,26.22,-81.77,185162.0,2929.0,1.58
266,437,6731 Richie Hwy,39.19,-76.61,81665.0,1290.0,1.58
267,554,3312 GREENWALD WAY NORTH,28.35,-81.42,128658.0,2038.0,1.58
268,780,12687 MIDDLEBELT RD,42.38,-83.33,75618.0,1196.0,1.58
269,286,11320 Legacy Ave,26.84,-80.09,100365.0,1590.0,1.58
270,348,4104 S Tamiami Trail (US 41),27.3,-82.53,110303.0,1740.0,1.58
271,523,301 NE 103rd St,47.7,-122.33,55017.0,871.0,1.58
272,261,7345 E. Chase Blvd,32.36,-86.17,100159.0,1578.0,1.58
273,803,2931 COCHRAN STREET,34.28,-118.74,67714.0,1073.0,1.58
274,606,4327 CANDLEWOOD STREET,33.85,-118.14,95653.0,1507.0,1.58
275,810,1596 FLATBUSH AVE,40.63,-73.95,49713.0,787.0,1.58
276,275,1935 East Camelback Road,33.51,-112.04,76105.0,1196.0,1.57
277,53,757 Bethlehem Pike,40.25,-75.24,69062.0,1081.0,1.57
278,430,11741 S. Cleveland Ave,26.57,-81.87,89545.0,1403.0,1.57
279,577,437 BALLTOWN ROAD,42.78,-73.89,67875.0,1068.0,1.57
280,651,500 E. DANENBERG DR,32.77,-115.54,102871.0,1611.0,1.57
281,446,1500 Oakley Seaver Drive,28.55,-81.73,160351.0,2524.0,1.57
282,458,1407 NE Halsey St.,45.53,-122.65,58962.0,927.0,1.57
283,192,19075 Interstate 45 North,30.18,-95.45,116035.0,1823.0,1.57
284,323,13376 Washington Blvd,33.99,-118.44,139998.0,2199.0,1.57
285,820,675 DAWSONVILLE HIGHWAY,34.3,-83.85,52817.0,830.0,1.57
286,339,1188 Hurfville Road,39.83,-75.09,111701.0,1747.0,1.56
287,242,1205 West Sunset Road,36.06,-115.04,86929.0,1359.0,1.56
288,366,1230 Roseville Pkwy,38.77,-121.26,95101.0,1480.0,1.56
289,155,5930 W. Park Blvd.,33.03,-96.83,123197.0,1926.0,1.56
290,308,8255 LAGUNA BLVD,38.42,-121.4,100486.0,1564.0,1.56
291,593,2501 W 95TH STREET,41.72,-87.68,97951.0,1532.0,1.56
292,1004,4336 ROOSEVELT WAY NE,47.66,-122.32,47374.0,737.0,1.56
293,814,423 LAKESIDE AVE,42.34,-71.58,35665.0,557.0,1.56
294,586,10515 S. STATE ROAD,40.56,-111.89,60303.0,933.0,1.55
295,529,4053 MORSE CROSSING,40.05,-82.92,68241.0,1055.0,1.55
296,24,107-60 Queens Boulevard,40.72,-73.84,160439.0,2482.0,1.55
297,232,5829 Kirby Drive,29.72,-95.42,110513.0,1714.0,1.55
298,830,2309 NORTH MAIN STREET,35.99,-80.02,70813.0,1098.0,1.55
299,760,2330 JERICHO TURNPIKE,40.74,-73.66,101687.0,1575.0,1.55
300,237,5592-A Santa Teresa Boulevard,37.25,-121.86,107620.0,1673.0,1.55
301,605,160 E. UNIVERSITY PARKWAY,40.27,-111.69,41431.0,644.0,1.55
302,609,78-692 HIGHWAY 111,33.71,-116.29,72081.0,1115.0,1.55
303,540,2971 WATSON BLVD,32.62,-83.69,101847.0,1570.0,1.54
304,587,61-35 JUNCTION BLVD.,40.73,-73.86,117393.0,1811.0,1.54
305,731,1755 OLD COUNTRY RD,40.92,-72.7,93631.0,1444.0,1.54
306,744,610 CROSS KEYS ROAD,39.74,-75.01,65603.0,1009.0,1.54
307,136,21 Federal Road,41.43,-73.41,104702.0,1613.0,1.54
308,44,1050 Sunrise Highway,40.68,-73.44,123054.0,1896.0,1.54
309,485,681 East Golf Road,42.05,-88.06,87483.0,1348.0,1.54
310,615,7601 ANDREA DRIVE,30.38,-91.07,66770.0,1026.0,1.54
311,832,10251 SOUTH EASTERN AVENUE,36.0,-115.11,71387.0,1100.0,1.54
312,66,6250 L Columbia Crossing Circle,39.2,-76.81,110286.0,1699.0,1.54
313,353,1111 Cooper Point Way SW,47.04,-122.94,80028.0,1235.0,1.54
314,383,5090 N 9th Ave,30.47,-87.21,137796.0,2128.0,1.54
315,1031,26710 MAPLE VALLEY-BLACK DIAMOND RD,47.36,-122.02,87437.0,1350.0,1.54
316,482,14130 Bear Valley Road,34.47,-117.35,90932.0,1397.0,1.54
317,208,19411 Gulf Freeway,29.54,-95.14,142308.0,2192.0,1.54
318,303,14771 Hall Road,42.63,-82.98,168881.0,2581.0,1.53
319,511,475 E BELL ROAD,33.64,-112.07,60156.0,921.0,1.53
320,83,3847 Kirkwood Highway,39.73,-75.64,111865.0,1710.0,1.53
321,161,2062 Redwood Highway,37.94,-122.52,123823.0,1894.0,1.53
322,552,205-04 NORTHERN BLVD,40.76,-73.78,112968.0,1724.0,1.53
323,285,7504 FM 1960 W,29.97,-95.54,130574.0,2003.0,1.53
324,231,275 E. Altamonte Drive,28.66,-81.38,113643.0,1740.0,1.53
325,667,30 WORCESTER ROAD,42.3,-71.39,79983.0,1226.0,1.53
326,175,181 South Lake Avenue,34.14,-118.13,110193.0,1679.0,1.52
327,153,1471 Fitzgerald Drive,37.99,-122.31,82952.0,1265.0,1.52
328,254,10097 Brook Road,37.67,-77.46,97254.0,1476.0,1.52
329,823,6501 SOUTHWEST 3RD STREET,35.46,-97.63,47589.0,721.0,1.52
330,276,1800-G Rosecrans Blvd.,33.9,-118.38,150650.0,2289.0,1.52
331,128,1 West Rand Road,42.11,-87.98,125917.0,1916.0,1.52
332,450,564 NORTH US HIGHWAY 441,28.93,-81.93,100858.0,1533.0,1.52
333,417,1780 SW St. Lucie West Blvd,27.31,-80.41,113024.0,1713.0,1.52
334,516,10201-A Katy Freeway,29.78,-95.55,99461.0,1513.0,1.52
335,702,102 North Dale Mabry Hwy,27.95,-82.51,104157.0,1580.0,1.52
336,678,10266 TWO NOTCH RD.,34.12,-80.87,92773.0,1400.0,1.51
337,1027,391 COBURG ROAD,44.07,-123.07,64408.0,971.0,1.51
338,851,10 WEST UNIVERSITY BLVD,39.02,-77.01,60781.0,918.0,1.51
339,277,2661 Santa Rosa Avenue,38.41,-122.71,86800.0,1315.0,1.51
340,127,2217 East 80th Avenue,41.47,-87.31,113122.0,1709.0,1.51
341,73,41 Highway Route 36,40.29,-74.05,113942.0,1722.0,1.51
342,264,3391 Berlin Turnpike & Pane Road,41.66,-72.73,134969.0,2039.0,1.51
343,382,4620 East Washington Ave,43.13,-89.31,69752.0,1056.0,1.51
344,591,7140 MC CORMICK BLVD,42.01,-87.71,89038.0,1348.0,1.51
345,1002,13500 AURORA AVENUE N,47.73,-122.34,121463.0,1840.0,1.51
346,538,2405 IRON POINT RD,38.65,-121.13,71584.0,1072.0,1.5
347,599,3689 28TH STREET SOUTHEAST,42.91,-85.58,87742.0,1314.0,1.5
348,356,4022 14th street,27.46,-82.58,98219.0,1477.0,1.5
349,165,40758 Winchester Road,33.53,-117.16,149592.0,2239.0,1.5
350,121,1675 Sunrise Highway,40.74,-73.25,122479.0,1836.0,1.5
351,236,1895 North Campus Avenue,34.13,-117.64,82221.0,1235.0,1.5
352,453,11821 Metcalf,38.91,-94.67,88694.0,1330.0,1.5
353,22,415 Highway 18 South,40.45,-74.4,137039.0,2058.0,1.5
354,598,5545 E. BROADWAY BLVD,32.22,-110.87,69310.0,1043.0,1.5
355,203,4502 West Wendover Avenue,36.05,-79.9,154170.0,2316.0,1.5
356,143,7069-B Arundel Mills Boulevard,39.15,-76.72,65054.0,976.0,1.5
357,71,735 Broadway Hillside Plaza,42.48,-71.02,75233.0,1130.0,1.5
358,32,3681 Route 9 North,40.25,-74.29,144469.0,2161.0,1.5
359,41,5171 Sunrise Highway,40.76,-73.09,145466.0,2179.0,1.5
360,1008,1761 S BURLINGTON BOULEVARD,48.45,-122.34,155347.0,2329.0,1.5
361,853,1690 MARKETPLACE BOULEVARD,0.0,0.0,59237.0,885.0,1.49
362,730,729 W. 21ST STREET,36.87,-76.3,79207.0,1178.0,1.49
363,138,39256 10th Street West,34.6,-118.15,151975.0,2270.0,1.49
364,201,7782 S. Cicero Avenue,41.75,-87.74,82994.0,1236.0,1.49
365,777,4910 EAST RAY ROAD,33.32,-111.98,77470.0,1155.0,1.49
366,821,1418 S YUMA PALMS PARKWAY,32.7,-114.6,61301.0,911.0,1.49
367,857,1523 MANHATTAN BLVD,29.89,-90.06,56227.0,838.0,1.49
368,412,5116 NORTH BIG HOLLOW ROAD,40.75,-89.64,77145.0,1146.0,1.49
369,464,237 Stafford Park Blvd,39.71,-74.29,84558.0,1258.0,1.49
370,494,34737 Emerald Parkway,30.39,-86.44,102993.0,1531.0,1.49
371,645,1615 E MONTE VISTA AVE,38.37,-121.96,80641.0,1201.0,1.49
372,564,7180 W CERMAK RD.,41.85,-87.8,90915.0,1356.0,1.49
373,541,4227 S. MERIDIAN  St,47.15,-122.29,60837.0,901.0,1.48
374,514,6026 Baltimore National Pike,39.29,-76.74,111517.0,1650.0,1.48
375,828,652 LAFAYETTE ROAD,42.89,-70.87,53804.0,795.0,1.48
376,301,4801 S. Hulen Street,32.68,-97.4,128649.0,1907.0,1.48
377,316,3365 Washtenaw Ave,42.26,-83.69,76583.0,1134.0,1.48
378,336,1376 Bald Hill Road,41.7,-71.49,105155.0,1556.0,1.48
379,176,7672 Edinger Avenue,33.73,-117.99,105482.0,1564.0,1.48
380,1011,707 RAINER AVENUE S,47.47,-122.22,156194.0,2317.0,1.48
381,755,3303 ALPINE AVE,43.02,-85.69,58267.0,860.0,1.48
382,26,81-27 37th Avenue,40.75,-73.88,65931.0,973.0,1.48
383,278,5683 Fairmont Parkway,29.65,-95.15,121712.0,1796.0,1.48
384,298,2266 International Speedway Blvd,29.19,-81.08,61801.0,916.0,1.48
385,307,1001 North Central Expressway,33.02,-96.71,87481.0,1297.0,1.48
386,1016,1401 S 348TH STREET,47.29,-122.32,120404.0,1777.0,1.48
387,768,4115 SOUTH GRAND CANYON DRIVE,36.11,-115.31,61078.0,898.0,1.47
388,1024,1016 W BURNSIDE STREET,45.52,-122.68,68496.0,1008.0,1.47
389,539,1740 ARDEN WAY,38.6,-121.43,83606.0,1225.0,1.47
390,739,2286 N. GERMANTOWN PKWY,35.19,-89.79,92642.0,1365.0,1.47
391,846,1177 BROAD STREET,0.0,0.0,44842.0,658.0,1.47
392,841,,0.0,0.0,39440.0,578.0,1.47
393,490,1713 Montgomery Hwy,33.38,-86.81,90913.0,1337.0,1.47
394,194,12181 Foothill Blvd.,34.11,-117.54,126304.0,1855.0,1.47
395,85,31-26 Steinway Street,40.76,-73.92,93020.0,1368.0,1.47
396,708,1003 High Ridge Road,41.11,-73.55,111822.0,1646.0,1.47
397,622,4041 DIVISION STREET,45.55,-94.21,49170.0,724.0,1.47
398,563,243 S. KINGS DRIVE,35.21,-80.83,123657.0,1804.0,1.46
399,778,1249 COMMERCE BLVD,0.0,0.0,47083.0,686.0,1.46
400,1017,6451 FAUNTERLOOY WAY SW,47.53,-122.39,74142.0,1086.0,1.46
401,129,6255 Mayfield Road,41.52,-81.45,103645.0,1511.0,1.46
402,223,1653 West New Haven Ave,28.08,-80.65,98132.0,1432.0,1.46
403,492,800 Providence Highway,42.24,-71.18,77822.0,1140.0,1.46
404,186,780-101 Truse Parkway,35.11,-89.89,122032.0,1784.0,1.46
405,116,101 Brandon Town Center Drive,27.94,-82.32,148803.0,2178.0,1.46
406,618,880 N FEDERAL HWY,26.36,-80.08,98731.0,1444.0,1.46
407,508,550 W County Road 42,44.75,-93.29,72852.0,1063.0,1.46
408,770,2319 W. ROOSEVELT BLVD,35.01,-80.56,62326.0,912.0,1.46
409,352,1905 29th Street,40.02,-105.26,67238.0,981.0,1.46
410,120,15131 South La Grange Road,41.61,-87.85,122946.0,1796.0,1.46
411,14,2841 Broadway,40.8,-73.97,88071.0,1276.0,1.45
412,240,1962 Del Monte Blvd,36.62,-121.84,97279.0,1406.0,1.45
413,328,438 NW Loop 410,29.52,-98.5,92768.0,1347.0,1.45
414,746,1220 E. NORTHSIDE DRIVE,32.36,-90.15,70239.0,1020.0,1.45
415,549,77A BOSTON TURNPIKE,42.27,-71.75,83044.0,1207.0,1.45
416,633,4329 N ORACLE ROAD,32.29,-110.98,61923.0,896.0,1.45
417,654,1789 OCONEE CONNECTOR,33.92,-83.45,76325.0,1105.0,1.45
418,742,12136 LAKEWOOD BLVD,33.92,-118.13,108387.0,1567.0,1.45
419,1013,4307 S MERIDIAN STREET,47.15,-122.29,139743.0,2030.0,1.45
420,169,2115 Ashley Phosphate Road,32.94,-80.04,159578.0,2315.0,1.45
421,233,62 Blanding Boulevard,30.19,-81.74,90451.0,1310.0,1.45
422,367,10415 NE 4th Street,47.61,-122.2,41294.0,599.0,1.45
423,245,3813 US Highway 98 North,28.09,-81.97,118503.0,1714.0,1.45
424,1007,4101 MARTIN WAY E,47.05,-122.83,168450.0,2449.0,1.45
425,322,5600 E 7th Street,33.78,-118.12,95469.0,1375.0,1.44
426,271,17W700 22nd Street,41.85,-87.98,93286.0,1342.0,1.44
427,152,2719 Gulf to Bay Boulevard,27.96,-82.73,90269.0,1296.0,1.44
428,159,195 Harbison Boulevard,34.07,-81.16,139342.0,2003.0,1.44
429,562,2838 WILSHIRE BLVD,34.04,-118.47,97473.0,1404.0,1.44
430,226,8283 S. Akron Street,39.57,-104.88,68411.0,988.0,1.44
431,130,1034 Commons Drive,41.89,-88.34,83997.0,1209.0,1.44
432,525,126 EAST EL CAMINO REAL,37.37,-122.03,69520.0,992.0,1.43
433,376,1315 Oak Forest Lane,33.71,-78.92,123523.0,1768.0,1.43
434,502,417 Universal Drive  North,41.36,-72.87,113231.0,1624.0,1.43
435,503,1590 North Clybourn Ave,41.91,-87.65,73152.0,1049.0,1.43
436,471,1601 Mt. Diablo Blvd,37.9,-122.06,27540.0,393.0,1.43
437,424,4600 Shelbyville Road,38.25,-85.63,86567.0,1239.0,1.43
438,747,551 SOUTHPARK BLVD,37.24,-77.39,76134.0,1092.0,1.43
439,620,6900 HOLLISTER AVE,34.43,-119.87,43333.0,619.0,1.43
440,402,1723 N University Drive,26.15,-80.26,132902.0,1891.0,1.42
441,434,6275 University Drive NW,34.75,-86.68,100200.0,1420.0,1.42
442,379,9815 Northlake Center Parkway,35.35,-80.86,109958.0,1560.0,1.42
443,452,8960 Hudson Road,44.94,-92.93,112627.0,1601.0,1.42
444,314,17602 La Cantera Parkway,29.59,-98.62,99475.0,1412.0,1.42
445,332,473 Route 211 East,41.46,-74.38,121181.0,1726.0,1.42
446,1015,2525 N RUBY STREET,47.68,-117.41,157187.0,2235.0,1.42
447,698,1490 S. HANLEY RD.,38.63,-90.33,62947.0,888.0,1.41
448,757,19723 HWY 59 N,30.0,-95.27,101121.0,1425.0,1.41
449,451,4000 N Cicero,41.95,-87.75,43593.0,616.0,1.41
450,124,2201 East Fowler Avenue,28.05,-82.43,69005.0,973.0,1.41
451,608,24280 VALENCIA BLVD,34.41,-118.56,134471.0,1902.0,1.41
452,241,12 4th Avenue,40.68,-73.98,144985.0,2045.0,1.41
453,187,1770-B Galleria Boulevard,35.96,-86.81,157963.0,2226.0,1.41
454,611,7000 PEACH STREET,42.06,-80.09,46934.0,660.0,1.41
455,653,4741 FIRESTONE BLVD,33.95,-118.19,83577.0,1180.0,1.41
456,551,6105 O STREET,40.81,-96.64,49930.0,705.0,1.41
457,743,2700 4th Street North,27.8,-82.64,104864.0,1483.0,1.41
458,779,2298 FOOTHILL BLVD,34.11,-117.76,62762.0,879.0,1.4
459,575,130 RTE 17 NORTH,40.83,-74.09,144376.0,2024.0,1.4
460,220,2543 Mayfair Road,43.07,-88.05,67301.0,945.0,1.4
461,90,3807 East Colonial Drive,28.55,-81.34,143308.0,2011.0,1.4
462,258,2500 S. Pleasant Valley Road,39.16,-78.18,106375.0,1489.0,1.4
463,1500,23 Leopard Rd (Rt 252),40.04,-75.49,29233.0,410.0,1.4
464,3,244 E 86th  Street,40.78,-73.95,100669.0,1410.0,1.4
465,263,2603 S. Rochester Road,42.64,-83.13,97839.0,1372.0,1.4
466,182,6147 Sunrise Boulevard,38.68,-121.27,98012.0,1373.0,1.4
467,54,1328 W. Patrick Street,39.42,-77.45,50776.0,710.0,1.4
468,68,1058 Baltimore Pike,39.91,-75.34,88275.0,1229.0,1.39
469,146,8600 West Golf Road,42.05,-87.84,101346.0,1410.0,1.39
470,274,3240 Monroe Avenue,43.1,-77.54,106231.0,1481.0,1.39
471,394,8820 W Charleston Blvd   #102 Pad J,36.16,-115.29,107708.0,1496.0,1.39
472,752,7670 WINCHESTER RD,35.05,-89.81,100086.0,1392.0,1.39
473,149,2641-A VISTA WAY,33.18,-117.33,112246.0,1555.0,1.39
474,167,7641 N. Blackstone Ave,36.85,-119.79,133806.0,1861.0,1.39
475,211,31945 Gratiot Avenue,42.53,-82.91,142067.0,1969.0,1.39
476,218,1495 West Pipeline Road,32.82,-97.2,142133.0,1978.0,1.39
477,449,4005 Nicholasville Road,37.98,-84.53,93952.0,1307.0,1.39
478,789,21901 EUREKA RD,42.2,-83.25,66554.0,924.0,1.39
479,527,5525 URBANA PIKE,39.38,-77.4,62618.0,868.0,1.39
480,372,1650 Rio Road East,38.08,-78.47,66117.0,922.0,1.39
481,745,116 W. TOWNSHIP LINE RD,39.97,-75.3,76579.0,1068.0,1.39
482,726,300 COMMERCE BLVD,41.0,-75.26,68657.0,946.0,1.38
483,1020,1154 ELLIOTT AVENUE W,47.63,-122.37,91848.0,1263.0,1.38
484,675,2350 SOUTHWEST MILITARY DR.,29.36,-98.53,62548.0,866.0,1.38
485,418,335 Newnan Crossing Bypass,33.39,-84.76,98159.0,1356.0,1.38
486,498,110 Albany Turnpike,41.82,-72.88,64874.0,893.0,1.38
487,700,2408 WEST MEMORIAL RD,35.61,-97.56,70294.0,968.0,1.38
488,501,4012 Eastgate Drive,28.49,-81.43,118055.0,1635.0,1.38
489,287,195 Dorset Street,44.46,-73.18,79081.0,1088.0,1.38
490,802,7040 S. RAINBOW BLVD.,0.0,0.0,80581.0,1111.0,1.38
491,456,1753 South Willow Street,42.95,-71.44,115109.0,1593.0,1.38
492,414,1070 Iyannough Road,41.67,-70.3,68522.0,942.0,1.37
493,765,905NW CHIPMAN RD,38.93,-94.4,50614.0,691.0,1.37
494,597,13714 W. BELL ROAD,33.64,-112.35,69945.0,955.0,1.37
495,556,7025 S LINDBERGH BLVD,38.51,-90.33,77915.0,1071.0,1.37
496,295,2657 N. Salisbury Blvd,38.41,-75.57,82737.0,1130.0,1.37
497,466,1740 S Val Vista Drive,33.38,-111.75,93741.0,1283.0,1.37
498,432,"190 East Stacy Road, Building 300",33.13,-96.66,96892.0,1327.0,1.37
499,163,1507 S LOOP 288,33.19,-97.09,69823.0,954.0,1.37
500,144,2301 Tyrone Boulevard,27.79,-82.73,119464.0,1642.0,1.37
501,679,1255 RARITAN RD,40.63,-74.31,131222.0,1803.0,1.37
502,621,4567 GARTH RD,29.77,-94.98,105068.0,1444.0,1.37
503,783,498 LANCASTER DRIVE NE,44.94,-122.98,58579.0,801.0,1.37
504,361,1507 Froom Ranch Way,35.25,-120.69,57285.0,787.0,1.37
505,213,12266 Jefferson Avenue,37.11,-76.5,135557.0,1852.0,1.37
506,548,1505 HILLARD ROME RD.,39.98,-83.15,99960.0,1368.0,1.37
507,788,1190 MAIN STREET,41.12,-81.48,53204.0,730.0,1.37
508,612,1300 N. TUSTIN AVENUE,33.81,-117.84,71448.0,973.0,1.36
509,602,61 ROSSANLY DR.,42.34,-122.88,69254.0,942.0,1.36
510,297,1775 Walden Ave,42.91,-78.77,83730.0,1140.0,1.36
511,493,6630 Mills Civic Pkwy,41.56,-93.8,56341.0,768.0,1.36
512,472,4803 Lincoln Highway,41.51,-87.73,75937.0,1032.0,1.36
513,369,46-047 Kamehameha Highway,21.42,-157.8,105702.0,1436.0,1.36
514,655,3719 BOSTON ST,39.28,-76.56,62486.0,848.0,1.36
515,749,4839 C CALHOUN MEMORIAL HWY US 123,34.83,-82.56,61318.0,832.0,1.36
516,641,6005 S. LAGRANGE RD,41.78,-87.87,67876.0,923.0,1.36
517,312,7708 W Bell Road,33.64,-112.23,91087.0,1242.0,1.36
518,429,6921 West Newberry Road,29.66,-82.42,103925.0,1404.0,1.35
519,420,1780 Striling Road,26.05,-80.16,128063.0,1725.0,1.35
520,315,1370 Polaris Parkway,40.14,-82.98,75005.0,1013.0,1.35
521,249,2711 NW Towne Center Drive,45.54,-122.87,71190.0,963.0,1.35
522,1006,1300 ELLIS STREET,48.75,-122.47,58639.0,789.0,1.35
523,647,1803 N. LOOP 1604 E.,29.61,-98.47,61141.0,826.0,1.35
524,389,5425 SOUTH PADRE ISLAND DRIVE,27.71,-97.37,89065.0,1200.0,1.35
525,221,415 Loucks Road,39.98,-76.74,86038.0,1160.0,1.35
526,12,1193 3rd Avenue,40.77,-73.96,68573.0,923.0,1.35
527,844,5546 HIGHWAY 153,0.0,0.0,46217.0,618.0,1.34
528,625,1205 HERNDON AVE,36.84,-119.7,103576.0,1387.0,1.34
529,199,2701 SW College Rd,29.17,-82.17,135759.0,1821.0,1.34
530,507,4750 Valley View Blvd NW,37.31,-79.96,54710.0,735.0,1.34
531,204,19716 Katy Freeway,29.79,-95.72,152612.0,2043.0,1.34
532,604,1987 COUNTY ROAD D,45.04,-93.02,68490.0,921.0,1.34
533,763,435 WINTHROP AVENUE,0.0,0.0,57197.0,758.0,1.33
534,393,6150 E Lake Sammamish Pkwy,47.55,-122.04,60415.0,803.0,1.33
535,373,4601-4605 Illinois Road,41.07,-85.2,95665.0,1271.0,1.33
536,489,2 Shipyard Drive,42.25,-70.92,60688.0,808.0,1.33
537,419,800 E. Merritt Island Causeway,28.36,-80.68,73720.0,982.0,1.33
538,617,1200 EL CAMINO REAL,37.48,-122.23,80756.0,1071.0,1.33
539,677,238 ROBERT C. DANIEL JR PKWY,33.49,-82.08,88233.0,1174.0,1.33
540,1021,5902 6TH AVENUE,47.26,-122.52,148879.0,1984.0,1.33
541,1012,4031 COLBY AVENUE,47.96,-122.21,177190.0,2355.0,1.33
542,836,6455 CARLISLE PK,40.25,-77.01,48485.0,645.0,1.33
543,626,1400 SOUTH WASHINGTON STREET,41.94,-71.35,58270.0,773.0,1.33
544,521,9950 WATERSTONE BLVD,39.29,-84.31,73089.0,974.0,1.33
545,512,311 East Fordham Rd,40.86,-73.89,81482.0,1085.0,1.33
546,205,15455 Bluemound Round,43.04,-88.11,70299.0,932.0,1.33
547,331,108 Wolf Road,42.72,-73.81,106985.0,1424.0,1.33
548,459,237 1st Avenue,40.73,-73.98,74641.0,987.0,1.32
549,864,15126 MAX LEGGET PARKWAY,0.0,0.0,68250.0,902.0,1.32
550,815,5449 SUNSET BLVD,34.0,-81.22,69393.0,913.0,1.32
551,207,5555 Whittlesey Boulevard,32.55,-84.95,149468.0,1970.0,1.32
552,2,2086-A Broadway,40.78,-73.98,137095.0,1813.0,1.32
553,473,2705 N. Elston Ave,41.93,-87.69,85010.0,1124.0,1.32
554,293,5055 Monroe Street,41.7,-83.64,131372.0,1726.0,1.31
555,280,4935 Magazine Street,29.92,-90.11,55727.0,731.0,1.31
556,209,5425 Greenville Avenue,32.85,-96.77,169425.0,2212.0,1.31
557,448,2405 Miamisburg-Centerville,39.63,-84.21,65358.0,855.0,1.31
558,457,11963 S Blackbob Road,38.91,-94.76,74091.0,972.0,1.31
559,384,7066 Mineral Point Road,43.06,-89.51,24775.0,325.0,1.31
560,214,7515 West Layton Avenue,42.96,-88.01,112324.0,1455.0,1.3
561,738,4875 BAY RD,43.48,-83.98,62880.0,820.0,1.3
562,584,472 HAMLINE AVE NORTH,44.96,-93.16,53385.0,694.0,1.3
563,279,4009 S Mooney Blvd,36.29,-119.31,146973.0,1908.0,1.3
564,673,1974 N. MAIN STREET,36.72,-121.66,82423.0,1071.0,1.3
565,520,1509 W.O EZELL Blvd,34.94,-81.99,97496.0,1272.0,1.3
566,632,20580 HAGGERTY ROAD,42.44,-83.44,51359.0,668.0,1.3
567,572,1777 West County Road B2,45.01,-93.18,91648.0,1189.0,1.3
568,623,3862 DRYLAND WAY,40.71,-75.28,78780.0,1027.0,1.3
569,1022,403 W NEIDER AVENUE,47.71,-116.79,139486.0,1811.0,1.3
570,179,27310 Lugonia Avenue,34.07,-117.21,149660.0,1933.0,1.29
571,311,3100 NW 14th Street,38.93,-77.03,49877.0,644.0,1.29
572,262,2130 North Beltline Blvd,34.02,-80.99,96570.0,1246.0,1.29
573,134,2300 Wrangleboro Road,39.45,-74.63,124162.0,1597.0,1.29
574,686,4302 EAST MCCAIN BLVD,34.79,-92.22,76750.0,993.0,1.29
575,200,2369 Highway 70 SE,35.7,-81.29,112344.0,1445.0,1.29
576,299,3801 Pelandale Ave,37.7,-121.06,115658.0,1488.0,1.29
577,422,3388 River Rapids Drive,45.2,-93.36,142899.0,1837.0,1.29
578,474,4480 KAPOLEI PKWAY,21.33,-158.09,128227.0,1636.0,1.28
579,486,20273 Route 19,40.69,-80.1,85568.0,1097.0,1.28
580,601,2802 SW PLAZA DRIVE,39.76,-89.71,71164.0,909.0,1.28
581,272,4275 N. Harlem Avenue,41.96,-87.81,123665.0,1581.0,1.28
582,362,98-199 Kamehameha Highway,21.38,-157.94,128067.0,1643.0,1.28
583,217,439 Boardman Poland Road,41.02,-80.65,105427.0,1351.0,1.28
584,819,6447 GRAND AVENUE,0.0,0.0,71498.0,915.0,1.28
585,629,27820 CHAGRIN BLVD,41.46,-81.48,64905.0,833.0,1.28
586,559,1315 CHURN CREEK RD,40.59,-122.35,99878.0,1270.0,1.27
587,480,3912 Oleander Drive,34.21,-77.9,103964.0,1318.0,1.27
588,500,1510 SE Everett Mall Way,47.91,-122.21,113734.0,1441.0,1.27
589,399,3324 N. Main Street,34.54,-82.67,88116.0,1118.0,1.27
590,496,4850 McKnight Road,40.53,-80.01,55831.0,707.0,1.27
591,460,8948 NW Skyview Ave,39.26,-94.66,83702.0,1063.0,1.27
592,9,2478 Broadway,40.79,-73.97,77494.0,982.0,1.27
593,630,3734 FALLON RD,37.7,-121.85,68113.0,865.0,1.27
594,854,17887 Southpark Center,0.0,0.0,61834.0,786.0,1.27
595,733,5924 W SAGINAW HWY,42.74,-84.63,38637.0,489.0,1.27
596,487,701 SE Greenville Blvd,35.59,-77.37,153132.0,1946.0,1.27
597,230,719 Highway 67 N,32.6,-96.94,141729.0,1794.0,1.27
598,177,3150 Stevens Creek Boulevard,37.32,-121.95,116812.0,1489.0,1.27
599,141,2021 Gun Barrel Road,35.03,-85.15,89262.0,1132.0,1.27
600,145,1243 Torrence Ave,41.6,-87.56,125540.0,1584.0,1.26
601,156,3111 Sports Arena Blvd,32.75,-117.21,107083.0,1354.0,1.26
602,123,815 Cog Circle,42.23,-88.29,102703.0,1293.0,1.26
603,183,5500 Grossmont Center Drive,32.78,-117.01,117412.0,1477.0,1.26
604,345,7833 Kingston Pike,35.93,-84.04,97699.0,1231.0,1.26
605,580,3404/06 SOUTH 144TH STREET,41.23,-96.14,62864.0,795.0,1.26
606,117,26532 Lorrain Road,41.42,-81.92,108482.0,1365.0,1.26
607,342,274 Daniel Webster Highway,42.71,-71.44,113039.0,1425.0,1.26
608,634,3975 CAMINO DE LA PLAZA,32.54,-117.05,50408.0,635.0,1.26
609,583,291 SOUTH BROADWAY,42.76,-71.21,99623.0,1243.0,1.25
610,435,1003 West University,30.63,-97.69,94926.0,1189.0,1.25
611,465,10979 East US Highway 36,39.76,-86.33,78794.0,985.0,1.25
612,522,2734 RT. 34,41.7,-88.31,53527.0,668.0,1.25
613,536,335 MAINE MALL ROAD,43.64,-70.34,66230.0,831.0,1.25
614,762,103 ELM STREET,42.0,-72.58,72165.0,901.0,1.25
615,385,5234 State Road 100,29.48,-81.22,82575.0,1029.0,1.25
616,470,1513 First Ave,40.77,-73.95,63731.0,794.0,1.25
617,693,4015 VETERANS MEMORIAL BLVD,30.0,-90.18,118281.0,1480.0,1.25
618,546,1141 N. DUPPONT HIGHWAY,39.19,-75.54,88493.0,1101.0,1.24
619,566,7749 DAY DRIVE,41.38,-81.74,75935.0,945.0,1.24
620,235,3730 East 82nd Street,39.91,-86.1,94137.0,1172.0,1.24
621,1005,6806 NE 175TH STREET,47.76,-122.25,113793.0,1415.0,1.24
622,616,8889 GATEWAY,31.77,-106.37,87192.0,1084.0,1.24
623,688,103 A COMMERCE WAY,42.52,-71.14,57326.0,711.0,1.24
624,463,33470 US Hwy 19,28.08,-82.74,85957.0,1062.0,1.24
625,426,9390 Six Mile Cypress Pkwy,26.61,-81.81,82071.0,1014.0,1.24
626,238,300 John R. Road,42.54,-83.11,105242.0,1307.0,1.24
627,160,5075 Morganton Road,35.07,-78.96,181092.0,2242.0,1.24
628,164,2225 Gallatin Pike North,36.31,-86.69,140477.0,1721.0,1.23
629,268,3970 Baldwin Road,42.7,-83.31,80165.0,983.0,1.23
630,148,4860 Telephone Road,34.26,-119.23,130410.0,1598.0,1.23
631,531,631a W. BALTIMORE BLVD,39.56,-76.97,93055.0,1141.0,1.23
632,377,3919 Wards Road,37.35,-79.18,99592.0,1228.0,1.23
633,782,280 MUNDY STREET,41.24,-75.85,80891.0,998.0,1.23
634,806,230 N. NELLIS BLVD,36.16,-115.06,56821.0,693.0,1.22
635,406,1217 RTE 300,41.5,-74.07,108879.0,1331.0,1.22
636,833,240 LOUDON ROAD,43.22,-71.49,35829.0,437.0,1.22
637,190,6965 Camino Arroyo Circle,37.0,-121.55,84383.0,1033.0,1.22
638,411,6230 Long Pririe Road,33.07,-97.08,75981.0,924.0,1.22
639,119,5125 Jonestown Road,40.31,-76.8,88581.0,1076.0,1.21
640,676,4672 S SCATTERFIELD RD,40.07,-85.65,40373.0,489.0,1.21
641,669,2807 WILMA RUDOLPH BLVD,36.59,-87.29,121091.0,1460.0,1.21
642,589,3801 S STEELE STREET,47.22,-122.47,61950.0,749.0,1.21
643,168,18661 LBJ Freeway,32.8,-96.63,141562.0,1710.0,1.21
644,643,3831 EDWARDS RD,39.15,-84.44,74360.0,902.0,1.21
645,537,1350 WINSTON PLAZA,41.91,-87.85,75961.0,921.0,1.21
646,506,3659 Airport Blvd,30.68,-88.13,100379.0,1207.0,1.2
647,637,950 COUNTY ROAD 64,42.15,-76.87,76290.0,916.0,1.2
648,734,2090 W. GRAND RIVER AVE,42.72,-84.43,31733.0,381.0,1.2
649,1014,6630 E SPRAGUE AVENUE,47.66,-117.32,118812.0,1423.0,1.2
650,481,3301 SW 22nd Street,25.75,-80.25,149078.0,1791.0,1.2
651,392,1348 Java Lane,36.07,-79.52,103747.0,1232.0,1.19
652,1018,3324 WHEATON WAY,47.59,-122.63,73271.0,870.0,1.19
653,1019,5200 W CLEARWATER AVENUE,46.21,-119.19,115896.0,1377.0,1.19
654,526,3904 HILLSBORO ROAD,36.11,-86.81,107238.0,1277.0,1.19
655,400,74-5452 Makala Blvd,19.65,-156.0,164059.0,1957.0,1.19
656,70,2365 MacArthur Road,40.64,-75.49,89110.0,1061.0,1.19
657,528,655 SUNLAND Park Dr.,31.82,-106.54,68104.0,812.0,1.19
658,761,3660 CENTRAL AVE,33.95,-117.39,90220.0,1074.0,1.19
659,741,2229 NORTH 2ND ST,39.43,-75.04,67525.0,806.0,1.19
660,544,719 SOUTH MEADOW DRIVE,42.43,-76.51,45044.0,533.0,1.18
661,270,23051 Outer Drive,42.28,-83.21,107636.0,1273.0,1.18
662,581,201 EAST CENTRAL TEXAS EXPRESSWAY,31.07,-97.66,89828.0,1060.0,1.18
663,338,4359 West Wisconsin Avenue,44.27,-88.47,55031.0,644.0,1.17
664,858,8533 W GRAND RIVER AVE,42.54,-83.79,50476.0,593.0,1.17
665,478,6278 South Westnedge Ave,42.23,-85.59,76680.0,895.0,1.17
666,147,4333 Everhard Road,40.86,-81.43,138466.0,1622.0,1.17
667,62,268 Washington Street,42.36,-71.06,71165.0,829.0,1.16
668,475,17820 E 39th Street South,39.05,-94.37,67091.0,781.0,1.16
669,387,5531 NW Loop 1604,29.49,-98.71,87722.0,1019.0,1.16
670,407,3425 Erie Blvd,43.05,-76.07,61776.0,714.0,1.16
671,390,2800 Scottsville Road,36.95,-86.42,106243.0,1235.0,1.16
672,568,2210 N. Rock Road,37.72,-97.24,49355.0,572.0,1.16
673,60,1701 Chestnut Street,39.95,-75.17,138087.0,1600.0,1.16
674,253,3120 Peoples Street,36.35,-82.4,129546.0,1484.0,1.15
675,517,1600 Woodbury Ave,43.09,-70.79,48127.0,555.0,1.15
676,619,5946 East State Street,42.27,-89.0,101657.0,1164.0,1.15
677,1029,2612 SW CEDAR HILLS BOULEVARD,45.5,-122.81,67231.0,770.0,1.15
678,363,1514 Northern Blvd,40.79,-73.69,6331.0,73.0,1.15
679,321,2002 Southgate Road,38.8,-104.82,59697.0,684.0,1.15
680,476,383 W Army Trail Road,41.94,-88.11,86951.0,1001.0,1.15
681,535,1511 EAST VERNON AVENUE,40.5,-88.95,95202.0,1087.0,1.14
682,721,661 West 181st Street,40.85,-73.94,77959.0,891.0,1.14
683,180,3539 Grand Oaks,33.82,-117.51,90629.0,1031.0,1.14
684,484,2423 Katy Freeway,29.78,-95.39,115644.0,1323.0,1.14
685,469,5 East Kemper Rd,39.29,-84.47,94932.0,1085.0,1.14
686,524,1735-A TRANCAS STREET,38.32,-122.31,72161.0,814.0,1.13
687,6403,9101 21ST STREET,0.0,0.0,13585.0,153.0,1.13
688,656,17143 MERCANTILE BLVD,40.04,-85.99,38496.0,434.0,1.13
689,644,167 GATEWAY DR,32.93,-83.71,66213.0,747.0,1.13
690,646,4207 W. 41ST STREET,43.51,-96.78,35225.0,394.0,1.12
691,807,6400 RIDGE ROAD,39.4,-76.93,47249.0,530.0,1.12
692,1,139 E. 57th Street,40.76,-73.97,116173.0,1302.0,1.12
693,444,2590 David H. McLeod Blvd,34.19,-79.83,86926.0,976.0,1.12
694,557,7929 ABERCORN STREET,32.0,-81.12,87535.0,981.0,1.12
695,561,5270 ELMORE AVE,41.57,-90.53,61252.0,689.0,1.12
696,866,,0.0,0.0,61812.0,693.0,1.12
697,497,7508 Mall Road,39.0,-84.65,107092.0,1199.0,1.12
698,375,101 E MORRISON ROAD,25.97,-97.51,119168.0,1332.0,1.12
699,639,1326 KINGS HWY,40.61,-73.96,73250.0,814.0,1.11
700,442,1921 Zaragosa Road,31.76,-106.27,114402.0,1273.0,1.11
701,265,5724 Grape Avenue,41.71,-86.19,98203.0,1079.0,1.1
702,565,1730 MASSEY BLVD.,39.63,-77.77,88048.0,966.0,1.1
703,1023,9919 SE SUNNYSIDE ROAD,45.43,-122.56,86807.0,954.0,1.1
704,461,6010 Menual Blvd NE,35.11,-106.58,106902.0,1180.0,1.1
705,758,4117 LEMMON AVENUE,32.82,-96.82,122329.0,1346.0,1.1
706,542,1035 IH-30,32.91,-96.45,126708.0,1387.0,1.09
707,740,303 MAKAALA ST,19.7,-155.06,64112.0,701.0,1.09
708,454,9935 Coors Blvd,35.19,-106.66,92097.0,1004.0,1.09
709,210,3033 West Peoria Avenue,33.58,-112.12,74873.0,812.0,1.08
710,753,5790 WADE HAMPTON RD,34.93,-82.28,77296.0,837.0,1.08
711,505,510 N. THOMPSON LANE,35.86,-86.43,127270.0,1371.0,1.08
712,543,409 COX ROAD,35.26,-81.13,143525.0,1556.0,1.08
713,439,7503 Youree Drive,32.44,-93.71,72481.0,774.0,1.07
714,282,179 Northshore Blvd,30.31,-89.83,83761.0,895.0,1.07
715,628,1315 EAST BATTLE FIELD RD,37.16,-93.27,40774.0,438.0,1.07
716,76,24-30 Union Square East,40.74,-73.99,65387.0,699.0,1.07
717,309,11985 Washington Street,39.91,-104.98,77284.0,818.0,1.06
718,329,1250 Niagra Falls Blvd,42.99,-78.82,83124.0,884.0,1.06
719,371,385 S Colorado Blvd,39.71,-104.94,83899.0,885.0,1.05
720,860,1273 ULSTER AVENUE,0.0,0.0,60501.0,636.0,1.05
721,319,1234 Hwy 31 North,39.63,-86.13,94876.0,1000.0,1.05
722,440,903 W Indiantown Road,26.93,-80.11,130566.0,1363.0,1.04
723,569,1031 NORTH GREEN RIVER ROAD,37.99,-87.49,96178.0,1004.0,1.04
724,532,1540 OLENTANGY RIVER RD,39.99,-83.03,86374.0,897.0,1.04
725,246,2456 W Loop 340,31.5,-97.16,101953.0,1054.0,1.03
726,378,5392 S Wadsworth Blvd,39.62,-105.09,71328.0,725.0,1.02
727,1502,1502 HIGHWAY 17,33.84,-78.66,39427.0,404.0,1.02
728,225,2296 Martin Luther King Boulevard,30.19,-85.65,156080.0,1571.0,1.01
729,483,210 Settlers Ridge Center Drive,40.44,-80.15,110171.0,1116.0,1.01
730,812,5510 BROADWAY,40.88,-73.91,122841.0,1241.0,1.01
731,170,2719 North Meridian Boulevard,40.36,-75.98,159956.0,1609.0,1.01
732,767,2007  86th STREET,40.6,-74.0,46221.0,463.0,1.0
733,36,32 Court Street,40.69,-73.99,111725.0,1113.0,1.0
734,468,1101 5th Street,25.77,-80.14,95006.0,947.0,1.0
735,519,10110 EAST WASHINGTON ST,39.78,-85.99,87842.0,872.0,0.99
736,445,5899 Eastex Freeway,30.13,-94.16,118058.0,1174.0,0.99
737,243,7325 N. Academy Boulevard,38.94,-104.8,83902.0,823.0,0.98
738,365,4001 N. 10th Street,26.24,-98.22,134829.0,1305.0,0.97
739,756,3325 N. ASHLAND AVE,41.94,-87.67,61643.0,601.0,0.97
740,682,3901 PHOENIX AVE,35.34,-94.39,68048.0,657.0,0.97
741,685,10000 OLDE US 20,41.54,-83.58,66077.0,641.0,0.97
742,198,7837 Mentor Avenue,41.66,-81.36,133064.0,1291.0,0.97
743,6,460 7th Avenue,40.75,-73.99,79072.0,752.0,0.95
744,491,2650 N Fairfield Road,39.76,-84.05,83583.0,790.0,0.95
745,257,4610 Commercial Drive,43.09,-75.31,76719.0,732.0,0.95
746,455,1133 Vann Drive,35.67,-88.86,108105.0,1028.0,0.95
747,659,8922 S BROADWAY AVE,32.26,-95.31,59559.0,566.0,0.95
748,388,31753 Woodward Ave,42.52,-83.19,106852.0,1012.0,0.95
749,318,2600 S College Ave,40.55,-105.08,89349.0,839.0,0.94
750,510,35825 Detroit Road,41.46,-82.02,109515.0,1032.0,0.94
751,635,613 EAST MCGALLIARD RD,40.22,-85.38,47585.0,449.0,0.94
752,357,6135 S Virginia Street,39.47,-119.79,164762.0,1531.0,0.93
753,340,771 N. Lexington Springmill Road,40.77,-82.59,83592.0,779.0,0.93
754,674,2820 W LOOP 250 NORTH,32.04,-102.12,68612.0,629.0,0.92
755,518,5704 YOUNGSTOWN WARREN ROAD,41.21,-80.75,116884.0,1065.0,0.91
756,579,3538 ZAFARANO DRIVE,35.64,-106.01,75872.0,689.0,0.91
757,350,931 8th Ave,40.77,-73.98,138263.0,1249.0,0.9
758,443,1 Sagamore Parkway South,40.42,-86.86,61711.0,557.0,0.9
759,662,1303 NORTH MILWAUKEE AVE,41.91,-87.67,64229.0,573.0,0.89
760,545,7 W 62nd TERRACE,39.01,-94.59,56664.0,503.0,0.89
761,784,569 A STILLWATER AVE,44.83,-68.76,50451.0,445.0,0.88
762,558,4615 N. LAMAR BLVD,30.32,-97.74,29161.0,255.0,0.87
763,6101,4700 Westside Avenue,0.0,0.0,6917523.0,60076.0,0.87
764,671,1345 WESTERN BLVD,34.79,-77.4,81542.0,707.0,0.87
765,553,3815 METRO DRIVE,41.22,-95.84,55028.0,466.0,0.85
766,397,305 Keawe Street,20.89,-156.68,91322.0,765.0,0.84
767,11,740 Broadway,40.73,-73.99,88627.0,747.0,0.84
768,320,174 Broadway,40.71,-74.01,147619.0,1242.0,0.84
769,195,385 5th Avenue,40.75,-73.98,145647.0,1205.0,0.83
770,808,339 WEST PRIEN LAKE ROAD,30.2,-93.22,99427.0,828.0,0.83
771,668,5702 JOHNSTON ST.,30.18,-92.08,44817.0,368.0,0.82
772,6408,9101 21ST STREET,0.0,0.0,39449.0,312.0,0.79
773,202,257 8th Avenue,40.75,-74.0,133352.0,1055.0,0.79
774,423,655 6th Ave,40.74,-73.99,118106.0,936.0,0.79
775,7,100 E. 23rd Street (ON PARK SOUTH),40.74,-73.99,133842.0,1048.0,0.78
776,801,34877 Euclid Ave,41.62,-81.44,55273.0,423.0,0.77
777,6401,9101 21st Street,0.0,0.0,140471.0,1074.0,0.76
778,6402,9101 21ST STREET,0.0,0.0,483463.0,3630.0,0.75
779,610,RAFAEL CORDERO AVE,18.24,-66.03,41883.0,309.0,0.74
780,627,2104 MAPLE GROVE RD,46.81,-92.16,39714.0,282.0,0.71
781,570,Edif.3 Suite,18.4,-66.1,73415.0,502.0,0.68
782,4003,2101 91ST STREET,0.0,0.0,108416.0,665.0,0.61
783,560,505 Avenida Ramon Luis Rivera,18.41,-66.16,34624.0,193.0,0.56
